id,name,model_id:id,group_id:id,perm_read,perm_write,perm_create,perm_unlink
access_hr_policy_line_hro,access_hr_policy_line,model_hr_policy_line,hr.group_hr_user,1,0,0,0
access_hr_policy_line_hrm,access_hr_policy_line,model_hr_policy_line,hr.group_hr_manager,1,1,1,1
access_hr_policy_line_payrolluser,access_hr_policy_line,model_hr_policy_line,hr.group_hr_user,1,0,0,0
access_hr_policy_line_payroll,access_hr_policy_line,model_hr_policy_line,hr.group_hr_manager,1,1,1,1
access_hr_policy_hro,access_hr_policy_line,model_hr_policy,hr.group_hr_user,1,0,0,0
access_hr_policy_hrm,access_hr_policy_line,model_hr_policy,hr.group_hr_manager,1,1,1,1
access_hr_policy_payrolluser,access_hr_policy_line,model_hr_policy,hr.group_hr_user,1,0,0,0
access_hr_policy_payroll,access_hr_policy_line,model_hr_policy,hr.group_hr_manager,1,1,1,1
access_hr_contract_employee,access_hr_contract,hr_contract.model_hr_contract,base.group_user,1,0,0,0