<?xml version="1.0" encoding="utf-8"?>
<odoo>
    <data noupdate="0">
	
      <!-- <record forcecreate="True" id="ir_cron_scheduler_check_fingerprint" model="ir.cron">
            <field name="name">Create Leaves</field>
            <field name="model_id" ref="model_hr_holidays"/>
            <field name="state">code</field>
            <field name="code">model.create_annual()</field>
            <field eval="False" name="active" />
            <field name="user_id" ref="base.user_root" />
            <field name="interval_number">1</field>
            <field name="interval_type">months</field>
			<field name="active">True</field>
            <field name="numbercall">-1</field>
            <field eval="False" name="doall" />
        </record> -->
		
        <record id="hr_rule_leave_salary_company" model="hr.salary.rule">
            <field name="name">Leave Salary (Company)</field>
            <field name="sequence" eval="299"/>
            <field name="code">LC</field>
            <field name="category_id" ref="hr_payroll.COMP"/>
            <field name="condition_select">none</field>
			<field name="appears_on_payslip">False</field>
            <field name="amount_select">code</field>
            <field name="amount_python_compute">result = ((contract.wage*contract.holidays)/360)</field>
        </record>
		
		<record id="hr_rule_gosi_company_company" model="hr.salary.rule">
            <field name="name">Gosi (Company)</field>
            <field name="sequence" eval="299"/>
            <field name="code">GC</field>
            <field name="category_id" ref="hr_payroll.COMP"/>
            <field name="condition_select">none</field>
			<field name="appears_on_payslip">False</field>
            <field name="amount_select">code</field>
            <field name="amount_python_compute">result = ((contract.wage*contract.gosi_company)/100)</field>
        </record>
		
		<record id="hr_rule_lmra_company" model="hr.salary.rule">
            <field name="name">LMRA</field>
            <field name="sequence" eval="299"/>
            <field name="code">LM</field>
            <field name="category_id" ref="hr_payroll.COMP"/>
            <field name="condition_select">none</field>
			<field name="appears_on_payslip">False</field>
            <field name="amount_select">code</field>
            <field name="amount_python_compute">result = contract.lmra</field>
        </record>
		
		<record id="hr_rule_gosi_employee_company" model="hr.salary.rule">
            <field name="name">Gosi (Employee)</field>
            <field name="sequence" eval="199"/>
            <field name="code">GE</field>
            <field name="category_id" ref="hr_payroll.DED"/>
            <field name="condition_select">none</field>
			<field name="appears_on_payslip">True</field>
            <field name="amount_select">code</field>
            <field name="amount_python_compute">result = ((contract.wage*contract.gosi_employee)/100)*-1</field>
        </record>
		
		<record id="hr_rule_indemnity" model="hr.salary.rule">
            <field name="name">Indemnity</field>
            <field name="sequence" eval="299"/>
            <field name="code">IN</field>
            <field name="category_id" ref="hr_payroll.COMP"/>
            <field name="condition_select">python</field>
			<field name="condition_python">result = contract.indemnity</field>
			<field name="appears_on_payslip">False</field>
            <field name="amount_select">code</field>
            <field name="amount_python_compute">result = (contract.wage/12)</field>
        </record>
		
		<record id="hr_rule_leave_salary_employee" model="hr.salary.rule">
            <field name="name">Leave Salary (Employee)</field>
            <field name="sequence" eval="99"/>
            <field name="code">LE</field>
            <field name="category_id" ref="hr_payroll.ALW"/>
            <field name="condition_select">python</field>
			<field name="condition_python">result = worked_days.Legal_Leaves or False</field>
			<field name="appears_on_payslip">True</field>
            <field name="amount_select">code</field>
            <field name="amount_python_compute">result = ((contract.wage*contract.holidays)/360)*worked_days.Annual_Leave.number_of_days</field>
        </record>
		
		<record id="hr_rule_air_ticket" model="hr.salary.rule">
            <field name="name">Air Ticket</field>
            <field name="sequence" eval="299"/>
            <field name="code">AT</field>
            <field name="category_id" ref="hr_payroll.COMP"/>
            <field name="condition_select">none</field>
			<field name="appears_on_payslip">False</field>
            <field name="amount_select">code</field>
            <field name="amount_python_compute">result = (contract.airticket/12)</field>
        </record>
		
		<record id="hr_rule_mobile" model="hr.salary.rule">
            <field name="name">Mobile</field>
            <field name="sequence" eval="99"/>
            <field name="code">MA</field>
            <field name="category_id" ref="hr_payroll.ALW"/>
            <field name="condition_select">python</field>
			<field name="condition_python">result = contract.mobile or False</field>
			<field name="appears_on_payslip">True</field>
            <field name="amount_select">code</field>
            <field name="amount_python_compute">result = contract.mobile</field>
        </record>
		
		<record id="hr_rule_transport" model="hr.salary.rule">
            <field name="name">Transport</field>
            <field name="sequence" eval="99"/>
            <field name="code">TA</field>
            <field name="category_id" ref="hr_payroll.ALW"/>
            <field name="condition_select">python</field>
			<field name="condition_python">result = contract.transport or False</field>
			<field name="appears_on_payslip">True</field>
            <field name="amount_select">code</field>
            <field name="amount_python_compute">result = contract.transport</field>
        </record>
		
		<record id="hr_rule_house" model="hr.salary.rule">
            <field name="name">House</field>
            <field name="sequence" eval="99"/>
            <field name="code">HA</field>
            <field name="category_id" ref="hr_payroll.ALW"/>
            <field name="condition_select">python</field>
			<field name="condition_python">result = contract.house or False</field>
			<field name="appears_on_payslip">True</field>
            <field name="amount_select">code</field>
            <field name="amount_python_compute">result = contract.house</field>
        </record>
		
		<record id="hr_rule_other" model="hr.salary.rule">
            <field name="name">Other</field>
            <field name="sequence" eval="99"/>
            <field name="code">OA</field>
            <field name="category_id" ref="hr_payroll.ALW"/>
            <field name="condition_select">python</field>
			<field name="condition_python">result = contract.other_allowances or False</field>
			<field name="appears_on_payslip">True</field>
            <field name="amount_select">code</field>
            <field name="amount_python_compute">result = contract.other_allowances</field>
        </record>
		
    </data>
</odoo>
