<?xml version="1.0" encoding="utf-8"?>
<odoo>
	<data noupdate="1">
		<record id="hr_release_comp_rule" model="ir.rule">
			<field name="name">Release Entry</field>
			<field name="model_id" ref="model_hr_release"/>
			<field name="global" eval="True"/>
			<field name="domain_force">['|',('company_id','=',False),('company_id','child_of',[user.company_id.id])]</field>
		</record>
		
		<record id="hr_release_personal_rule" model="ir.rule">
			<field name="name">Personal Release</field>
			<field ref="model_hr_release" name="model_id"/>
			<field name="domain_force">['|',('user_id','=',user.id),('user_id','=',False)]</field>
			<field name="groups" eval="[(4, ref('base.group_user'))]"/>
		</record>
		
		<record id="hr_release_all_rule" model="ir.rule">
			<field name="name">Officer Release</field>
			<field ref="model_hr_release" name="model_id"/>
			<field name="domain_force">[('1','=','1')]</field>
			<field name="groups" eval="[(4, ref('hr.group_hr_user'))]"/>
		</record>
	</data>
</odoo>